"","baseMean","log2FoldChange","lfcSE","stat","pvalue","padj"
"FBgn0259821",257.131844810788,1.08870706455135,0.161214198205408,6.7531711019906,1.4464818490879e-11,6.97070472592245e-10
"FBgn0085334",75.17372070507,-1.2290243496249,0.365938757355731,-3.3585520115601,0.000783519748818699,0.00849441371378608
"FBgn0037223",37.0249866260786,-2.08338047425818,0.396566076214772,-5.25355192795126,1.49193585858937e-07,4.27431933094832e-06
"FBgn0027570",39.4601557688146,-1.00187264492325,0.357126035113095,-2.80537554369559,0.00502579859335413,0.0392646291553574
"FBgn0037290",102.193870867952,3.08291708540737,0.266719874619569,11.5586327783208,6.67632924839074e-31,1.68668354375253e-28
"FBgn0000071",468.542035717475,2.59606292985159,0.148519920406183,17.479560470755,2.05073657015862e-68,1.70969907854124e-65
"FBgn0015568",306.453441402898,1.03756492159368,0.163589051140883,6.34250834244484,2.26053964494817e-10,9.14860146598684e-09
"FBgn0042102",15.7023266529421,1.52065325237035,0.548572520368294,2.77201864094365,0.00557098461880605,0.0424157979607178
"FBgn0266801",315.18196472067,1.15781336412189,0.208882967892396,5.54288066568607,2.97535645675838e-08,9.36058369056402e-07
"FBgn0051460",22.4455013547732,1.4784450395067,0.529150138589884,2.79399915390094,0.00520606148838763,0.0404124158553889
"FBgn0037635",282.01438536481,-1.02262922960435,0.149003567745422,-6.86311908552113,6.7373015890824e-12,3.44594376369202e-10
"FBgn0037646",60.0438566188139,-2.70347756839991,0.349439687839933,-7.73660709552341,1.02104978552052e-14,8.18508852104289e-13
"FBgn0037678",50.883859446659,1.76834967453167,0.358740770018423,4.92932452155036,8.25144121058455e-07,2.03461217785213e-05
"FBgn0261552",8915.94943566539,-1.78094706090806,0.151096912140051,-11.7867866105517,4.56633260938798e-32,1.31274189532647e-29
"FBgn0002868",158.318973829859,-2.0463388850494,0.208769591591582,-9.8019010788347,1.10486321552809e-22,1.56122790302672e-20
"FBgn0037754",394.55985906919,-2.31460471561202,0.160067681548091,-14.4601626838496,2.16286021501296e-47,1.38705889327408e-44
"FBgn0051477",62.5056551830919,1.05032878210571,0.289664507404011,3.62601822197278,0.000287825053051931,0.00372608302374837
"FBgn0265276",225.233338472011,1.85874413243174,0.188845124861979,9.84269058462718,7.37126421350778e-23,1.05955568531059e-20
"FBgn0038143",43.9232321050259,1.09433286235757,0.329741696821112,3.31875790325436,0.000904187834513659,0.00951794693982371
"FBgn0038149",1501.65007907418,1.06692603599328,0.106015140799967,10.0639024571631,7.97721008913328e-24,1.25483019836046e-21
"FBgn0051337",1399.88508514791,-1.02185821065967,0.128730832075733,-7.9379445792637,2.05559142903503e-15,1.80394376251211e-13
"FBgn0038198",92.5003926475262,2.34037308723169,0.297617837294898,7.86368555226313,3.72993163820065e-15,3.14105455229079e-13
"FBgn0038237",43.5064540044303,-2.20608921976569,0.453884211672831,-4.86046697159823,1.1710918177751e-06,2.76965769793048e-05
"FBgn0038261",44.2983446980558,1.5476133695255,0.341892544838952,4.52660753469923,5.99381056995274e-06,0.000125870021969008
"FBgn0263041",161.670666907361,-1.64198495731213,0.253477976694924,-6.47782098753438,9.30566608114108e-11,3.89855970444589e-09
"FBgn0038381",211.685059721421,-1.09074179606355,0.181972325610186,-5.99399822146634,2.04743612123615e-09,7.26360635861522e-08
"FBgn0063649",840.465771765621,-1.22157046520618,0.121370264965003,-10.0648249021984,7.90278308688891e-24,1.25483019836046e-21
"FBgn0024491",1269.22822272066,1.03751587179908,0.125939396882165,8.23821534392317,1.74798362287635e-16,1.63740892853035e-14
"FBgn0038484",39.56735583593,-1.30609075487247,0.385505067156557,-3.38799892957581,0.000704045390921908,0.00782616856548793
"FBgn0038528",231.343541930742,1.39143502769885,0.178556249008044,7.79269857778073,6.55929683829377e-15,5.36126056282894e-13
"FBgn0038545",122.825266709861,1.08409375267337,0.210673108158993,5.14585730540992,2.6630179862146e-07,7.16180030679713e-06
"FBgn0038832",429.804140495779,-2.68439468466432,0.175845927001746,-15.2656062635882,1.29617523495097e-52,9.00517744482188e-50
"FBgn0038865",405.931986917845,-1.02022487488554,0.146445044548337,-6.96660565082344,3.24679095066202e-12,1.72152159107098e-10
"FBgn0051163",20.5867158337565,1.5295976726913,0.474794017701608,3.22160266486888,0.00127475782787892,0.0128044048325621
"FBgn0039069",48.9212828355731,-1.04781779090561,0.333655218047126,-3.14042081235371,0.00168705309589377,0.016177110103289
"FBgn0039094",23.0410609416662,-1.72321170466606,0.468868337950763,-3.67525713550533,0.000237609979608317,0.00315438598725245
"FBgn0039098",460.900412915089,-1.00111405969031,0.154255094582704,-6.48999024893513,8.58419299178884e-11,3.63281304429155e-09
"FBgn0042106",42.782569972626,-1.2165351125055,0.393813551379982,-3.08911440005701,0.00200754119794823,0.0188478276658721
"FBgn0039109",664.00523300153,-1.327504295982,0.124504619687232,-10.6622894742124,1.52789157915695e-26,2.89500729441625e-24
"FBgn0039155",1087.08797833976,-4.59952339256196,0.152457235242519,-30.1692693380235,5.99485463143693e-200,4.99791030622897e-196
"FBgn0039178",23.5915493152695,2.27430582426535,0.500461233745714,4.54441956921069,5.5086836048006e-06,0.000116859784257564
"FBgn0051125",39.295222934602,1.29209869452338,0.347694460018938,3.71619005506444,0.000202249472458726,0.00273282634017569
"FBgn0039257",842.345202696346,-1.07447379043188,0.116926184554187,-9.18933423277775,3.95280197989374e-20,4.8637568131715e-18
"FBgn0051092",230.837394491924,2.24486258334752,0.175432242138333,12.7961802003157,1.72216102915889e-37,6.24245934786855e-35
"FBgn0002609",62.359001378828,-1.5092321465645,0.302984240934246,-4.98122325409009,6.31835947288134e-07,1.59624736137611e-05
"FBgn0039419",2683.75864128436,-1.15987787780092,0.0944689535255478,-12.2778736771679,1.19087096882486e-34,3.81857356426648e-32
"FBgn0026562",65125.9511518211,-2.46574167547365,0.0875425964259442,-28.1661931007441,1.51803835702591e-174,4.218628594175e-171
"FBgn0039464",1234.37439927586,1.05871359141098,0.108401996962356,9.76655062709433,1.56696328769145e-22,2.17729548824727e-20
"FBgn0039479",254.102817444745,1.47466021330662,0.159643320333096,9.23721838301626,2.52988357182692e-20,3.19570293004864e-18
"FBgn0039485",86.8395100007708,1.43283949565034,0.246423332952653,5.81454474493954,6.07991218787593e-09,2.05586165347334e-07
"FBgn0046258",12.7289115109116,2.09681510892145,0.660911477210625,3.17261113057236,0.00151074728019102,0.0147648780104715
"FBgn0053346",17.6866361434183,1.61228309981151,0.559039469536219,2.88402373655131,0.00392629157513027,0.0323694515032382
"FBgn0039593",63.9249473948255,1.89388438587063,0.31399614650776,6.03155295672977,1.62391490582883e-09,5.88633850865e-08
"FBgn0265274",69.2830992274083,1.32060385340568,0.292617928998745,4.51306540895978,6.38973052069022e-06,0.000133177958377486
"FBgn0039640",107.537997821496,-1.73648214298267,0.247038236976348,-7.02920391691804,2.07715224430258e-12,1.17804205855446e-10
"FBgn0002773",59.6483761531829,-1.05757362332056,0.311085105292289,-3.39962796459472,0.000674775969769028,0.00763238016504807
"FBgn0039759",22.6218657621233,1.76441775700973,0.490087073019195,3.60021280736908,0.000317956845572074,0.00406565371400979
"FBgn0039788",25.8008829331562,1.81788480173657,0.465104592617875,3.90855052947224,9.28515287044946e-05,0.00136526136650683
"FBgn0024288",86.6226993987767,-4.60667692849238,0.393407890983655,-11.7096708888429,1.13720175463039e-31,3.05833904140438e-29
"FBgn0039827",390.945915049235,-4.10320518228574,0.193883570044296,-21.1632433905993,2.08383756139335e-99,2.48185053561948e-96
"FBgn0027111",34.6821204109439,-1.09810622913844,0.399758884132902,-2.74692138867729,0.00601575515570255,0.0452239411479641
"FBgn0029002",2268.58858386979,1.43138206917369,0.372556491235222,3.84205376325051,0.000122009101429294,0.00172697772260785
"FBgn0052845",18.8522918867833,1.35974494987456,0.493266949023381,2.75661070048726,0.00584038395824579,0.0442245967846459
"FBgn0016715",202.35399043836,-2.26473353885337,0.197466924276992,-11.4689259841642,1.88990283203939e-30,4.25841078667902e-28
"FBgn0265706",41.6628103063734,-1.39826690664216,0.415350630985435,-3.36647353423955,0.000761358876084726,0.00830817925381984
"FBgn0263042",63.3371176885087,-1.43325516438035,0.308125095179371,-4.6515366219879,3.29470748830201e-06,7.24748715830446e-05
"FBgn0035147",28919.5642815037,-1.18427889992614,0.110218568140412,-10.7448220377662,6.26826886028585e-27,1.21531529042333e-24
"FBgn0264475",955.60147347676,-2.52296718220661,0.133304365413519,-18.9263657974006,6.9173068744305e-80,7.20869842651589e-77
"FBgn0054057",47.9304499984408,-1.00542410450561,0.360166459167986,-2.79155395765674,0.00524556108889875,0.0405887300536802
"FBgn0063667",19.172552021535,2.75881030809759,0.555633077898744,4.96516571427077,6.8642432417784e-07,1.71853441161281e-05
"FBgn0035189",307.431129260941,2.8959915713477,0.207575964264645,13.9514783496585,3.08151072928528e-44,1.71270366333676e-41
"FBgn0020248",52.5450408728001,1.98913218258586,0.312305187112375,6.36919354743257,1.90024690275147e-10,7.8041174523345e-09
"FBgn0052313",21.1729497836464,-1.59630834957756,0.520216913883813,-3.06854373046025,0.00215104843506129,0.0199480431625205
"FBgn0035267",54.2008548136702,1.0617228188315,0.319144524737214,3.32677748335407,0.000878564989810245,0.00933069594910575
"FBgn0035344",114.306251958061,-1.64926730463566,0.224060501818543,-7.36081233082007,1.82794403669469e-13,1.24914503556751e-11
"FBgn0259224",447.62243593327,1.10460113301545,0.184126730227885,5.99913511551711,1.98371247906429e-09,7.06761151194828e-08
"FBgn0035523",71.1927514572139,1.59673808981971,0.346818936525149,4.60395301888001,4.14546019044609e-06,8.97680561240236e-05
"FBgn0035539",31.141497179206,1.90725437419263,0.47660064888696,4.0017871957304,6.28658280878564e-05,0.000963441927883197
"FBgn0262733",552.44815469227,2.08084724044733,0.161423616078901,12.8905998452559,5.08467739874929e-38,1.92686161242604e-35
"FBgn0262870",44.4775644740323,-1.58544973301394,0.355952931660769,-4.45409938223212,8.42460733652677e-06,0.000170628894929662
"FBgn0052407",285.705526899151,-2.09984086938282,0.164751261749381,-12.7455222320366,3.30172403393188e-37,1.14693638628709e-34
"FBgn0035710",26.2206085969151,2.19392849075452,0.48231634897295,4.54873340998351,5.39697606456771e-06,0.000114782115944645
"FBgn0035727",100.265945956031,1.6409756159786,0.233964951054881,7.01376684234075,2.31985874503314e-12,1.29803103069405e-10
"FBgn0259935",80.4668424433522,1.07292895780366,0.255721865639864,4.19568719756909,2.72045486731214e-05,0.000470548386489238
"FBgn0035932",43.9034546352553,1.43913012420162,0.372416473672818,3.864303074482,0.00011140682639933,0.00159371898584502
"FBgn0035957",20.2444813430831,1.59183071838317,0.530100954600485,3.0028821954921,0.00267435932050048,0.0238716634421975
"FBgn0000116",957.566336228213,1.1769195081905,0.143840735973094,8.18210154605053,2.78935833807227e-16,2.55548136972621e-14
"FBgn0023479",4589.0667432429,-1.53865426830826,0.122411719983329,-12.5695012578681,3.10677575998253e-36,1.03604758043898e-33
"FBgn0040827",317.030790352836,-1.94270524720466,0.168320221420867,-11.5417222648914,8.12812831141488e-31,1.99306487447841e-28
"FBgn0035968",428.934019330679,1.07993328448373,0.141505321226923,7.63175034776187,2.31587586285397e-14,1.78772750635311e-12
"FBgn0035969",18.5109682937427,1.99508495614816,0.545461940336805,3.65760616573223,0.00025458182209053,0.00333718341315841
"FBgn0001225",608.229795092983,1.32292809851707,0.133023078996261,9.94510207175591,2.64902317282397e-23,3.94373324854169e-21
"FBgn0001224",867.037331872732,1.46056482375129,0.13326716093414,10.9596753882458,5.97131664696051e-28,1.24457167214274e-25
"FBgn0001226",1767.21859250606,1.68121608261044,0.128689098115103,13.0641686610215,5.27578178712794e-39,2.09448536948979e-36
"FBgn0036181",50.1334165453088,-1.02386548382566,0.35745807353346,-2.86429531078928,0.00417938171625078,0.0337630865972701
"FBgn0036287",24.4776722520632,1.47632906283239,0.496892782103613,2.97112197239473,0.00296713912001474,0.0259842844995409
"FBgn0036373",5495.38032891999,-1.05438567287222,0.143760992706052,-7.33429599382446,2.22889999423446e-13,1.4985757461236e-11
"FBgn0029167",5432.38764855756,-2.19090780745698,0.0975661268831733,-22.4556193573247,1.12774417677153e-111,1.88040064034885e-108
"FBgn0263232",438.852518292797,1.32000301217322,0.145809088420129,9.05295428752569,1.39151556835375e-19,1.63395285822045e-17
"FBgn0087007",196.290235003694,1.03491622594028,0.205025826504512,5.04773590520074,4.47076562756705e-07,1.17951813408312e-05
"FBgn0264702",107.168614548112,1.05170683477285,0.258149503056404,4.07402231002189,4.620805209817e-05,0.000742266917808176
"FBgn0004396",3543.88181035141,1.11504679000778,0.156254339117443,7.13610128400783,9.60152731107778e-13,5.75884411456514e-11
"FBgn0036560",27.7836009140798,2.18199744339659,0.447971398160911,4.87084097858591,1.11124250639424e-06,2.63943839766632e-05
"FBgn0041721",33.3893196646044,1.22640906742856,0.413798902786595,2.96378037537003,0.00303885087055187,0.0265286907934983
"FBgn0010223",81.77939181668,-1.30552865579488,0.253041477030317,-5.15934648784263,2.47813319079427e-07,6.75169817374243e-06
"FBgn0052185",31.6013235305853,1.42456694330006,0.388250093817517,3.6691992248935,0.000243311415595882,0.00319446814460294
"FBgn0000567",379.173636193777,-1.25276785977784,0.163309484308838,-7.67112740010069,1.70491100756964e-14,1.33555179783463e-12
"FBgn0264748",18.9027956568788,1.721367093602,0.520272589745043,3.30858693602434,0.000937680678522142,0.00984564712448249
"FBgn0036801",51.7492083463922,-1.27395245690155,0.314182695446639,-4.05481420639832,5.01741664233998e-05,0.000793741983817618
"FBgn0036821",610.031482284655,-1.73373251340899,0.459035503257658,-3.77690287811101,0.000158790614805669,0.00219178370138223
"FBgn0002945",84.4468910820907,-1.05771924442948,0.307814513155609,-3.43622278750311,0.000589885679989633,0.00680204275805473
"FBgn0036862",433.330517813657,1.07478046097327,0.388985270736452,2.76303639708113,0.00572663802067903,0.0434422030740683
"FBgn0267635",261.093472427671,1.24001635206601,0.171306402068518,7.23858733294767,4.53382225627713e-13,2.90757508850634e-11
"FBgn0036985",2824.34500269937,-1.32917805867789,0.149216064915797,-8.90774099576984,5.20828988238037e-19,5.78953503325401e-17
"FBgn0037046",36.6665887959347,1.69307464428825,0.390817902115836,4.33213175528084,1.47672521911637e-05,0.000279805867085754
"FBgn0037153",195.038039810417,1.72758734768989,0.188007121054846,9.18894634414357,3.96708004432844e-20,4.8637568131715e-18
"FBgn0033065",44.733016105817,2.92940472099249,0.389836609196141,7.51444233786315,5.71540326912444e-14,4.2544033084545e-12
"FBgn0033268",124.356208602,1.02533698237112,0.215971583844217,4.74755504460579,2.05890366758657e-06,4.67713348138127e-05
"FBgn0261588",33.1515064463761,1.19204798831992,0.40509177467945,2.94266154691289,0.00325403958305558,0.0280837764015884
"FBgn0050359",67.3978148278096,1.18884503487048,0.279300950897246,4.25650192400474,2.07650250575948e-05,0.000377163428987295
"FBgn0033367",22455.4365746387,1.38570607017955,0.154554667300103,8.96579892659525,3.08039549192588e-19,3.56684128002584e-17
"FBgn0033368",96.5148312934163,1.35757513564519,0.254348954194074,5.33745121912054,9.42622517689667e-08,2.76712814435872e-06
"FBgn0033426",534.512555929846,-1.00280413362081,0.136216528435995,-7.36183886885654,1.81393851148527e-13,1.24914503556751e-11
"FBgn0033446",126.000090098345,-1.08625093736952,0.222249717681913,-4.88752448686653,1.02111798201279e-06,2.45333158963708e-05
"FBgn0033458",61.3423844752153,1.1848318357953,0.319090443568342,3.71315362047669,0.000204692552135685,0.00276136214750033
"FBgn0265512",100.845371948666,-1.97993194578958,0.343205520803357,-5.76893967543138,7.97718511060332e-09,2.660231690684e-07
"FBgn0033518",13.1078067510394,-1.83954934306458,0.676617478152623,-2.71874345913605,0.00655304108241069,0.0483047776340034
"FBgn0033541",34.4842464800108,1.14515994941663,0.370206542624315,3.09330013807654,0.00197943831916182,0.0186118214327598
"FBgn0024836",32.4905080406463,1.20338116681854,0.443547312305214,2.71308411399069,0.00666601836666202,0.0489212985236455
"FBgn0033635",3800.46963792044,1.1670181838322,0.140619001181113,8.2991500012798,1.0485890613189e-16,1.01652174467624e-14
"FBgn0033724",225.594516892649,1.41107971455033,0.206208768189842,6.84296660581983,7.75697395262707e-12,3.8724486133564e-10
"FBgn0261673",95.5428559574243,3.28040153245673,0.279868694883763,11.7212163862027,9.923676652208e-32,2.7577897416486e-29
"FBgn0033775",68.365050919607,2.02246149863955,0.283072944206052,7.1446655006611,9.02153039699319e-13,5.45018108114001e-11
"FBgn0033782",232.800071429293,-1.38159143602639,0.196299673842692,-7.03817489342115,1.94774122844364e-12,1.11988404286446e-10
"FBgn0261989",25.5640097629911,1.73354335377639,0.493518556941466,3.51262040584626,0.000443710906437853,0.00536896636715876
"FBgn0033913",7591.4334067957,-1.17723301889135,0.100675166545552,-11.6933803964327,1.37790853773932e-31,3.58988233722898e-29
"FBgn0053468",15.6448873947098,1.59380065827939,0.567299463110332,2.80945208292823,0.00496259058972232,0.0389577379910687
"FBgn0028434",122.468474751691,1.00801135769618,0.226557922519976,4.44924347153343,8.61732863780135e-06,0.000173114864706867
"FBgn0015371",547.746337016853,-1.01574736989671,0.141324843409654,-7.18732351220373,6.60737260216628e-13,4.1108705510642e-11
"FBgn0034010",782.462485475385,-1.4581918907176,0.122784689806193,-11.8760074486424,1.57722387493568e-32,4.74429769496974e-30
"FBgn0260429",117.578375308847,-1.32411356308783,0.339717822446542,-3.8976864785956,9.71160338713099e-05,0.00141548317200194
"FBgn0034127",27.1862271092739,-1.183745105135,0.436823690531464,-2.70989218486475,0.00673050823338458,0.0492227981212781
"FBgn0011260",291.770966286266,2.21188186634399,0.159861118486997,13.836271679307,1.53988870176325e-43,7.55179535682365e-41
"FBgn0034139",41.4900005602218,1.1662507306232,0.341015994511419,3.41992970826518,0.000626373185859193,0.00716135754077282
"FBgn0024315",135.272169891299,-2.36199974415479,0.21923639079116,-10.7737576578005,4.57922013370322e-27,9.08975196540089e-25
"FBgn0050463",65.1263856924455,2.43982354990146,0.315479568626503,7.73369749592239,1.04467101023953e-14,8.29468782130189e-13
"FBgn0265530",65.9327672325608,-1.32032880727161,0.327030254200481,-4.03732923884835,5.40631702439958e-05,0.00085099483901669
"FBgn0263336",184.061111319907,-1.06499757946401,0.228031648483695,-4.67039372186164,3.00622985106947e-06,6.68345020489765e-05
"FBgn0000079",236.371956657795,-1.30878696799498,0.198306814770994,-6.59980832986691,4.11689688520821e-11,1.865357028912e-09
"FBgn0000078",42.0428289009859,-1.23863133151712,0.360033620816583,-3.44032129196105,0.000581024000266002,0.00672777373641341
"FBgn0261362",8587.26143382725,1.49666614271809,0.1453848663504,10.2945112533989,7.45974326625804e-25,1.26922203287333e-22
"FBgn0034290",19.9090608869714,-1.77963941885685,0.523647704211447,-3.39854334229685,0.000677457277454189,0.00763238016504807
"FBgn0063498",486.542259299798,-1.37780434143109,0.151556844311034,-9.09100705873422,9.81259018269328e-20,1.16867949075877e-17
"FBgn0034389",171.159973649183,-2.00455808127317,0.229490801629373,-8.73480796197888,2.44070424382244e-18,2.6087373436856e-16
"FBgn0034391",97.3999301272041,1.53851927616117,0.249110401689074,6.17605393323343,6.57235436871983e-10,2.50199627269485e-08
"FBgn0264753",170.133027441364,-3.23786750189807,0.23140714794672,-13.9920807573479,1.74238539353993e-44,1.03759050185303e-41
"FBgn0034438",109.050281672723,1.8322832826507,0.23046925520632,7.95022868022207,1.86167541564768e-15,1.65114765321859e-13
"FBgn0003748",1602.95575229897,1.09496072290149,0.0980466993841202,11.1677468979526,5.86497210779083e-29,1.25375057596544e-26
"FBgn0034636",24.8062749801669,-2.48183750519574,0.539711432253952,-4.5984527228394,4.25640275365137e-06,9.19316833087863e-05
"FBgn0034718",716.370057189368,1.35388623732993,0.186801303214849,7.24773443241323,4.23800517146304e-13,2.73893403988274e-11
"FBgn0034736",330.519397561858,-3.51913752845099,0.187035580413389,-18.8153372779283,5.65474578355947e-79,5.23817951083725e-76
"FBgn0261596",24602.2907590074,-1.09740757570788,0.105618475867005,-10.3902992984838,2.74490390893313e-25,4.86899231676075e-23
"FBgn0040091",1618.73568610441,-1.56678164062734,0.119438063079969,-13.1179424734837,2.59895599116909e-39,1.14039453149351e-36
"FBgn0034804",60.17562836121,-1.50495489555004,0.331822697556311,-4.5354187842881,5.74892977908579e-06,0.000121646770477762
"FBgn0261584",263.550506526929,-2.10827299578631,0.205754229236205,-10.246559711616,1.2263081766003e-24,2.04474625366334e-22
"FBgn0034885",239.657751026754,1.56519896029431,0.179262618619993,8.73131817633585,2.51721440388577e-18,2.65645778293616e-16
"FBgn0034897",1342.11223779163,-1.9466157687642,0.140116148870822,-13.892872338069,6.99720187074719e-44,3.64597949977621e-41
"FBgn0035076",48.1905764238229,1.20349626953631,0.338364601106703,3.55680312183954,0.000375395274245949,0.00463654874279775
"FBgn0035085",928.391027943498,-2.58435865063573,0.121476333631866,-21.2745855375223,1.95230848801256e-100,2.71273264409346e-97
"FBgn0025836",128.492441369937,-1.31703528647606,0.234051506991117,-5.62711731023397,1.8324611226999e-08,5.9444468404471e-07
"FBgn0024984",175.329737340873,1.41277580258329,0.184184491569628,7.67043843128999,1.71409430692461e-14,1.33555179783463e-12
"FBgn0023549",266.523943780013,-1.53690741219827,0.189353361289854,-8.11661013952451,4.79385653847911e-16,4.34417195231525e-14
"FBgn0040391",27.6757485900321,-1.18581485169748,0.423094279994025,-2.80272012118487,0.0050673623103498,0.0394091414005469
"FBgn0040388",2191.41458235661,-1.00763297735445,0.137143992280297,-7.34726297959179,2.02306596016642e-13,1.37124397641524e-11
"FBgn0024977",41.5577258710059,1.11164342519593,0.344231470915316,3.22934861893962,0.00124072547835995,0.0125229156332772
"FBgn0250904",41.4953205558017,1.67789133189426,0.341147818069595,4.9183704043271,8.72676630429994e-07,2.13357919879615e-05
"FBgn0029848",20.6200498883901,1.42413369495996,0.467435049792243,3.04669856398858,0.00231369606323607,0.0211505307885955
"FBgn0029896",709.475254793355,-2.3966359787799,0.140789510677091,-17.022830516662,5.56158546421448e-65,4.21517618319601e-62
"FBgn0261284",76.3618908152322,2.29674182298715,0.278885748113081,8.23542199100069,1.7892580712887e-16,1.65744939337043e-14
"FBgn0003447",55.0703152710605,1.96110725475912,0.326700929470211,6.00275994910487,1.93991324238806e-09,6.94122605227008e-08
"FBgn0030041",123.578200648876,-2.79172234721783,0.296556768582216,-9.41378731824111,4.78574693278595e-21,6.33313844105341e-19
"FBgn0030051",48.7891856259455,1.10050467290161,0.31588603781267,3.48386614527814,0.000494226595602904,0.00586111966933345
"FBgn0259741",47.5562801112287,1.28851070883739,0.32120108251216,4.01153912296858,6.0324177598475e-05,0.000934800499328041
"FBgn0030160",35.9720062553077,1.0015681413814,0.359486426817808,2.78610836644747,0.00533450349202548,0.0410222708009011
"FBgn0052681",238.095188519578,-1.05364741235762,0.173531756349547,-6.07178440720236,1.26496685795473e-09,4.66638437821618e-08
"FBgn0052677",75.0131752713927,1.25552941057767,0.265091534378519,4.73621088474642,2.17751006722877e-06,4.91975648522662e-05
"FBgn0025111",2194.66017045299,2.83189512205784,0.10143424265905,27.9185317287445,1.58960099936813e-171,3.31312588293302e-168
"FBgn0003360",6410.64597533113,-3.16415172205201,0.109383916362857,-28.927029011794,5.45970139159306e-184,2.27587652508557e-180
"FBgn0003366",27.0673410564286,-1.7988841701493,0.447081757974521,-4.02361343996463,5.73119588169044e-05,0.000896453659768352
"FBgn0030326",208.802072210454,-1.223543116168,0.209821269522855,-5.83135884627141,5.49778080003786e-09,1.87081626652717e-07
"FBgn0052625",223.704974753528,1.57678747845377,0.202664658972487,7.78027844838911,7.23650932525748e-15,5.85735711113317e-13
"FBgn0030598",56.0700535261113,2.28500498472098,0.324011001497047,7.05224506008575,1.76053781234825e-12,1.01927803760746e-10
"FBgn0263257",121.318731253506,-1.02226924770069,0.234609966626861,-4.35731381065567,1.31668422169345e-05,0.000253514927396266
"FBgn0030954",25.2786591846801,1.4180325894526,0.426444922215427,3.32524205490774,0.0008834180228709,0.00933809111523588
"FBgn0085359",101.02563399178,-4.94821082827366,0.430433208288012,-11.4958853847603,1.38355059305071e-30,3.20407258173994e-28
"FBgn0031150",1191.84745584593,1.25461586297203,0.105650482390026,11.8751550829688,1.59338293701755e-32,4.74429769496974e-30
"FBgn0027279",4345.78517034566,-1.20353268594611,0.0900912942902346,-13.359034248846,1.04916487186275e-40,4.85938196484432e-38
"FBgn0031258",214.652569117248,-1.31170316204653,0.191531185669322,-6.8485095910761,7.46233325736796e-12,3.74779954016125e-10
"FBgn0043364",1694.77612870052,-1.1249063845664,0.157958467651605,-7.12153264899676,1.06733443543779e-12,6.35597656303206e-11
"FBgn0031322",580.472106910443,-1.4718440105527,0.146470595557129,-10.0487337062722,9.30554488970974e-24,1.43667273602797e-21
"FBgn0031327",1122.7363113589,1.19783861872282,0.139717096345701,8.57331457675742,1.00548362854859e-17,9.97942501334474e-16
"FBgn0031464",42.2674476287323,-1.23713349152875,0.35017551136709,-3.53289550916615,0.000411034894526501,0.00503940869951093
"FBgn0031547",388.884571345997,-1.41190481483749,0.202566345760096,-6.97008582318826,3.16747696867823e-12,1.692772787684e-10
"FBgn0031548",79.9336960104745,-1.86246539134738,0.300924936121739,-6.1891361192943,6.04948281393559e-10,2.31351092751289e-08
"FBgn0020376",61.5446822755158,-1.56822155326146,0.324490247324174,-4.83287730892808,1.34573730381614e-06,3.14269240950004e-05
"FBgn0031688",47.4357668614877,1.49767160897728,0.354671428314612,4.2227016032675,2.41391313923214e-05,0.000426372750885135
"FBgn0031703",131.586611851592,-1.91572983089153,0.245242755894384,-7.8115654177225,5.64820207901301e-15,4.70890607327315e-13
"FBgn0051642",156.425108658148,1.95156078436618,0.214401940087249,9.10234666520277,8.84007557990989e-20,1.06811174072042e-17
"FBgn0259715",1169.70380464599,-1.83930365699447,0.186570840310515,-9.85847334949701,6.29999620658559e-23,9.21457339900072e-21
"FBgn0264343",57.4284057025688,1.5850274737232,0.31515907321521,5.02929348520086,4.92290394706461e-07,1.27065790113553e-05
"FBgn0031912",1975.7993120443,-1.14476211953566,0.10122851037656,-11.3086927316944,1.18847008169649e-29,2.60744080818517e-27
"FBgn0040099",1270.85925918718,-1.77929795491859,0.135870245581429,-13.0955673724181,3.49056149963148e-39,1.45504056112138e-36
"FBgn0032004",1440.93982031413,-1.17166157597323,0.133107444097867,-8.80237453219949,1.33951277930353e-18,1.45032701831864e-16
"FBgn0001137",667.850774480511,-1.38151059488311,0.136454493307528,-10.1243320127949,4.30910927556205e-24,7.0441262804629e-22
"FBgn0264437",199.062837295194,2.72220508539233,0.236171813584056,11.5263758366469,9.71477940415728e-31,2.31406045407026e-28
"FBgn0267252",158.90912654387,-1.36091639465945,0.194989029934469,-6.97945107535955,2.96335602368444e-12,1.61473850780766e-10
"FBgn0032405",116.208222937613,2.42725442514043,0.22800277619484,10.6457231163984,1.82561239704097e-26,3.38225123425123e-24
"FBgn0032436",30.1425296975473,1.90271958124234,0.488135778254611,3.89793099789929,9.70180501124312e-05,0.00141548317200194
"FBgn0053643",18.7264750784302,1.49066862853786,0.525704983466509,2.83556115201412,0.00457452564417509,0.0363910499002745
"FBgn0053307",1498.26449839124,-1.41865213163699,0.145579521280026,-9.74486053507601,1.94045129140247e-22,2.65205613383973e-20
"FBgn0028542",1721.29615025546,-1.05454197294959,0.149352141733648,-7.06077569902039,1.65575679689045e-12,9.72115803920822e-11
"FBgn0028939",31.6095097005056,-2.12014519972462,0.437501807244505,-4.84602615261824,1.25958919538673e-06,2.9580831329406e-05
"FBgn0027348",348.84819502731,-1.02493819667956,0.164834967405768,-6.21796584068546,5.0364116254899e-10,1.94391498711617e-08
"FBgn0260011",131.886010323439,2.32164715431081,0.219755037379651,10.5647050552016,4.3433185036831e-26,7.87179268808826e-24
"FBgn0062978",27.8553865570435,-1.47208900630543,0.424440217133993,-3.46830707100666,0.000523748446164446,0.00616735988089404
"FBgn0032598",473.419646690976,1.10826730720826,0.12958840850559,8.55221018599408,1.20753627536659e-17,1.1843799914978e-15
"FBgn0000406",391.066602173992,-2.08995290458554,0.218624357619429,-9.55956109988274,1.18257141169379e-21,1.59017707407921e-19
"FBgn0032638",187.758981293543,-1.44251469425642,0.205040878560569,-7.03525416191729,1.98898109550926e-12,1.13576269816854e-10
"FBgn0010097",161.338674918477,1.09469616051162,0.204557510636253,5.35153247175665,8.72124839329586e-08,2.56922430582712e-06
"FBgn0264845",41.6424145996452,-1.0573114774024,0.373303012128667,-2.83231434799668,0.00462123930115083,0.0366926400511376
"FBgn0266020",26.8234376463773,1.65388639890997,0.480011491312645,3.44551417797777,0.000569974066082889,0.00661820861968391
"FBgn0023091",21.249653745642,1.62886940055204,0.501000901950351,3.25123047525663,0.00114906667027206,0.0116969094384105
"FBgn0262620",359.593401638641,1.03408227096184,0.170888203452869,6.05122091559138,1.43752152951756e-09,5.25641096122276e-08
"FBgn0264262",26.8861855087527,-1.18008938920735,0.430302400868919,-2.74246526820294,0.00609798983784512,0.045576430629615
